{"1301174068": {"Modelling and Simulation": 36.734693877551024, "IOT": 32.6530612244898, "Advanced AI": 30.612244897959183}}