{"1301174068": {"IoT": 76.30057803468208, "Advanced AI": 17.341040462427745, "Modelling and Simulation": 6.358381502890173}}